{
  "nodes": [
    {
      "name": "and", 
      "degree": 20
    }, 
    {
      "name": "summer", 
      "degree": 1
    }, 
    {
      "name": "alternative / baby / bay\nbirthday / honeymoon / house\nhousewarming / kohl / my / myers", 
      "degree": 10
    }, 
    {
      "name": "dress / dresses\ninvitations / registries", 
      "degree": 8
    }, 
    {
      "name": "planning", 
      "degree": 2
    }, 
    {
      "name": "at", 
      "degree": 1
    }, 
    {
      "name": "home", 
      "degree": 2
    }, 
    {
      "name": "gift", 
      "degree": 109
    }, 
    {
      "name": "best", 
      "degree": 19
    }, 
    {
      "name": "from", 
      "degree": 22
    }, 
    {
      "name": "for", 
      "degree": 58
    }, 
    {
      "name": "brides", 
      "degree": 1
    }, 
    {
      "name": "father", 
      "degree": 1
    }, 
    {
      "name": "ideas", 
      "degree": 53
    }, 
    {
      "name": "to", 
      "degree": 18
    }, 
    {
      "name": "beach / diy / fall\noutdoor / personalised / personalized\nsmall / unique / unusual / winter", 
      "degree": 10
    }, 
    {
      "name": "online", 
      "degree": 14
    }, 
    {
      "name": "be", 
      "degree": 2
    }, 
    {
      "name": "360 / finder / items\nnz / search / uk / wording", 
      "degree": 7
    }, 
    {
      "name": "printable", 
      "degree": 1
    }, 
    {
      "name": "checklist", 
      "degree": 6
    }, 
    {
      "name": "gifts", 
      "degree": 57
    }, 
    {
      "name": "registry", 
      "degree": 72
    }, 
    {
      "name": "wedding", 
      "degree": 149
    }, 
    {
      "name": "man", 
      "degree": 1
    }, 
    {
      "name": "great", 
      "degree": 6
    }, 
    {
      "name": "tire", 
      "degree": 2
    }, 
    {
      "name": "places", 
      "degree": 2
    }, 
    {
      "name": "canadian", 
      "degree": 1
    }, 
    {
      "name": "of", 
      "degree": 4
    }, 
    {
      "name": "groom", 
      "degree": 29
    }, 
    {
      "name": "list", 
      "degree": 2
    }, 
    {
      "name": "cake / ceremony / flower / flowers\ninvitation / music / photo / present\npresents / reception / stationery / theme", 
      "degree": 24
    }, 
    {
      "name": "bride", 
      "degree": 57
    }, 
    {
      "name": "mother", 
      "degree": 1
    }, 
    {
      "name": "the", 
      "degree": 12
    }
  ], 
  "links": [
    {
      "source": 30, 
      "target": 9, 
      "value": 3
    }, 
    {
      "source": 7, 
      "target": 10, 
      "value": 6
    }, 
    {
      "source": 21, 
      "target": 13, 
      "value": 5
    }, 
    {
      "source": 22, 
      "target": 31, 
      "value": 1
    }, 
    {
      "source": 10, 
      "target": 8, 
      "value": 1
    }, 
    {
      "source": 4, 
      "target": 20, 
      "value": 1
    }, 
    {
      "source": 14, 
      "target": 30, 
      "value": 2
    }, 
    {
      "source": 7, 
      "target": 22, 
      "value": 29
    }, 
    {
      "source": 10, 
      "target": 23, 
      "value": 2
    }, 
    {
      "source": 33, 
      "target": 21, 
      "value": 3
    }, 
    {
      "source": 23, 
      "target": 21, 
      "value": 26
    }, 
    {
      "source": 25, 
      "target": 23, 
      "value": 4
    }, 
    {
      "source": 13, 
      "target": 31, 
      "value": 1
    }, 
    {
      "source": 21, 
      "target": 16, 
      "value": 1
    }, 
    {
      "source": 23, 
      "target": 20, 
      "value": 1
    }, 
    {
      "source": 14, 
      "target": 33, 
      "value": 6
    }, 
    {
      "source": 8, 
      "target": 7, 
      "value": 1
    }, 
    {
      "source": 29, 
      "target": 35, 
      "value": 2
    }, 
    {
      "source": 6, 
      "target": 7, 
      "value": 1
    }, 
    {
      "source": 22, 
      "target": 20, 
      "value": 3
    }, 
    {
      "source": 22, 
      "target": 21, 
      "value": 3
    }, 
    {
      "source": 15, 
      "target": 23, 
      "value": 10
    }, 
    {
      "source": 21, 
      "target": 10, 
      "value": 14
    }, 
    {
      "source": 2, 
      "target": 7, 
      "value": 10
    }, 
    {
      "source": 28, 
      "target": 26, 
      "value": 1
    }, 
    {
      "source": 7, 
      "target": 9, 
      "value": 2
    }, 
    {
      "source": 22, 
      "target": 23, 
      "value": 1
    }, 
    {
      "source": 32, 
      "target": 13, 
      "value": 12
    }, 
    {
      "source": 16, 
      "target": 23, 
      "value": 5
    }, 
    {
      "source": 0, 
      "target": 30, 
      "value": 9
    }, 
    {
      "source": 30, 
      "target": 14, 
      "value": 6
    }, 
    {
      "source": 35, 
      "target": 7, 
      "value": 1
    }, 
    {
      "source": 12, 
      "target": 29, 
      "value": 1
    }, 
    {
      "source": 33, 
      "target": 9, 
      "value": 3
    }, 
    {
      "source": 25, 
      "target": 21, 
      "value": 1
    }, 
    {
      "source": 21, 
      "target": 9, 
      "value": 2
    }, 
    {
      "source": 9, 
      "target": 33, 
      "value": 5
    }, 
    {
      "source": 33, 
      "target": 14, 
      "value": 3
    }, 
    {
      "source": 3, 
      "target": 16, 
      "value": 4
    }, 
    {
      "source": 27, 
      "target": 10, 
      "value": 1
    }, 
    {
      "source": 13, 
      "target": 9, 
      "value": 1
    }, 
    {
      "source": 0, 
      "target": 7, 
      "value": 1
    }, 
    {
      "source": 16, 
      "target": 22, 
      "value": 1
    }, 
    {
      "source": 22, 
      "target": 16, 
      "value": 2
    }, 
    {
      "source": 23, 
      "target": 22, 
      "value": 16
    }, 
    {
      "source": 23, 
      "target": 32, 
      "value": 12
    }, 
    {
      "source": 22, 
      "target": 7, 
      "value": 3
    }, 
    {
      "source": 20, 
      "target": 19, 
      "value": 1
    }, 
    {
      "source": 10, 
      "target": 11, 
      "value": 1
    }, 
    {
      "source": 5, 
      "target": 6, 
      "value": 1
    }, 
    {
      "source": 35, 
      "target": 8, 
      "value": 1
    }, 
    {
      "source": 33, 
      "target": 0, 
      "value": 9
    }, 
    {
      "source": 8, 
      "target": 24, 
      "value": 1
    }, 
    {
      "source": 33, 
      "target": 23, 
      "value": 3
    }, 
    {
      "source": 23, 
      "target": 7, 
      "value": 33
    }, 
    {
      "source": 10, 
      "target": 35, 
      "value": 3
    }, 
    {
      "source": 9, 
      "target": 30, 
      "value": 6
    }, 
    {
      "source": 33, 
      "target": 7, 
      "value": 2
    }, 
    {
      "source": 22, 
      "target": 13, 
      "value": 4
    }, 
    {
      "source": 8, 
      "target": 27, 
      "value": 1
    }, 
    {
      "source": 25, 
      "target": 7, 
      "value": 1
    }, 
    {
      "source": 26, 
      "target": 7, 
      "value": 1
    }, 
    {
      "source": 8, 
      "target": 23, 
      "value": 14
    }, 
    {
      "source": 10, 
      "target": 1, 
      "value": 1
    }, 
    {
      "source": 21, 
      "target": 22, 
      "value": 1
    }, 
    {
      "source": 10, 
      "target": 33, 
      "value": 18
    }, 
    {
      "source": 22, 
      "target": 18, 
      "value": 7
    }, 
    {
      "source": 14, 
      "target": 17, 
      "value": 1
    }, 
    {
      "source": 23, 
      "target": 0, 
      "value": 1
    }, 
    {
      "source": 7, 
      "target": 13, 
      "value": 14
    }, 
    {
      "source": 23, 
      "target": 4, 
      "value": 1
    }, 
    {
      "source": 10, 
      "target": 30, 
      "value": 3
    }, 
    {
      "source": 7, 
      "target": 16, 
      "value": 1
    }, 
    {
      "source": 23, 
      "target": 13, 
      "value": 8
    }, 
    {
      "source": 13, 
      "target": 10, 
      "value": 8
    }, 
    {
      "source": 34, 
      "target": 29, 
      "value": 1
    }, 
    {
      "source": 23, 
      "target": 3, 
      "value": 4
    }, 
    {
      "source": 35, 
      "target": 33, 
      "value": 5
    }, 
    {
      "source": 17, 
      "target": 21, 
      "value": 1
    }
  ]
}